customer_id,avg_booking_value_usd,lead_time_days,length_of_stay_nights,party_size,discount_pct,searches_last_30d,cancellations_last_12m,app_sessions_last_30d,web_sessions_last_30d,repeat_booking_rate,customer_age,customer_segment_hint
CUST_0001,146.7037757545975,2.929507522134405,1.1861974552826884,1.6237387337738205,19.115398713126375,18.577052014504055,1.2230568504613342,31.43036128438682,11.850623195495823,0.19950019843213182,23.064753200249925,Budget / short stay
CUST_0002,117.1203496627091,6.537826904868949,1.73401621202321,1.8916969321767474,25.166072533030864,13.112305563221748,2.2024150858794425,20.21345886190775,7.3930813485802584,0.16790018826028993,28.08283521580572,Budget / short stay
CUST_0003,156.50992630774206,6.659990051915296,1.0,2.1999121234551473,18.45760089086604,22.372236084706195,0.0,30.522146160206486,3.9929680579275963,0.21460755613809218,33.521360256847515,Budget / short stay
CUST_0004,160.69242376060672,10.07756272572131,1.0,1.1707319590107952,20.903885476648984,12.8620623178154,0.10268904807733881,19.440208102079048,6.67081764491713,0.18495331869439674,30.385619760333423,Budget / short stay
CUST_0005,97.0772258496156,8.505333737743737,3.2904729784198086,1.6374954848402112,17.71608402803654,12.816923584488821,0.561690846483786,20.786346956276866,6.893167791429727,0.18883165804897747,27.09661827756645,Budget / short stay
CUST_0006,111.352050849029,7.070613177448529,1.0,2.4407277738294866,17.14796209417898,18.705658054022656,2.4689430933762635,22.192846835857008,2.9057750433953036,0.14733334697386646,26.954725229652947,Budget / short stay
CUST_0007,142.81248886968027,10.389908673658685,1.0322500950817524,1.328205885593718,14.102588016372902,19.814632411684684,1.5260695863354372,39.07312207620521,6.23250378597753,0.06815122721609193,26.725977613523746,Budget / short stay
CUST_0008,133.0426629684412,2.4337108370314473,3.08583946982492,1.2888749913548398,20.151506794787768,18.240496819681017,1.9138537923689816,25.107713449068733,4.77342371800769,0.056509983798233465,25.722942228046342,Budget / short stay
CUST_0009,139.63037453490566,4.080745401750757,3.833547018468285,1.8011530959155968,13.74231405407116,7.572013413075959,0.38787126469901556,15.756412820291217,9.773073271562302,0.23225959066249816,44.689797263656374,Budget / short stay
CUST_0010,121.23303359338124,3.220272175783425,1.0,2.12219259524266,21.327926181567147,18.690172199641253,0.404371299783579,25.813987221655147,7.103835622555767,0.15786399279314292,32.78506642711333,Budget / short stay
CUST_0011,159.34675544698223,4.830570590532696,1.5422257302483786,1.7057130277803296,23.426435022229548,10.828459741628006,1.6582509733781685,17.82900477749395,6.1516127525572895,0.13231288802750665,36.32055432642843,Budget / short stay
CUST_0012,157.11142257943686,1.8699415573310736,2.039088885658357,2.3644802952184945,19.83265703618615,17.176380557941318,1.3466194647483574,17.061498902592746,6.681454208132271,0.18068045013785228,28.065535191286457,Budget / short stay
CUST_0013,141.45267534634675,7.905452840443213,3.0100883510839145,2.1283969912832634,16.56875633222154,8.8813278230047,1.7389910550913013,25.451608159352666,7.669366055218498,0.2435945802332502,29.88425993688371,Budget / short stay
CUST_0014,164.79930655329673,5.33333190870368,1.1092000451002337,2.120910033445031,20.269827896543482,18.231610737715318,1.1498632072572383,20.186513526626918,8.85044259906934,0.19442911544211186,26.71867611177787,Budget / short stay
CUST_0015,150.285205529545,1.5875811164920268,1.6283055078405233,1.9770582506620467,16.456634722267935,11.967005478463136,1.5225149811637015,21.671455487070837,4.0008633139918555,0.12751560506872262,21.0,Budget / short stay
CUST_0016,121.09556581656875,2.9532627563773755,2.344136303243221,2.8638265501730427,22.677735627325745,9.58682674869739,1.4264952679240874,20.083911331191754,3.875237102136184,0.278103436451916,22.731944338912804,Budget / short stay
CUST_0017,148.11251724981497,6.940541542350585,2.104336252126633,1.5974191555669779,8.842969578924382,19.569100682412,1.9222139112679404,22.019498759632608,10.31403764620759,0.3063348402385305,21.0,Budget / short stay
CUST_0018,118.90458278176203,8.514379703683144,1.5366907501389306,1.0,16.32196315940677,17.208222608383757,1.9456066255555766,22.549795384616896,5.762989383385808,0.21956453242582827,21.0,Budget / short stay
CUST_0019,159.32590662875998,11.99019267507536,1.7063239248387712,2.5021271807585705,8.04594002438001,12.930115993035514,0.004102404486584055,8.378198403767508,2.7494737222093777,0.2578930809075272,23.827846154211382,Budget / short stay
CUST_0020,138.90162995830244,14.741587398021988,1.0,1.4711502845215871,10.524695848863974,23.25589424510532,0.0,23.999436011657203,8.331438128149314,0.27935679974510486,38.949734076289786,Budget / short stay
CUST_0021,135.93302800200428,7.243228299827989,1.6332783792177343,1.7539402221715166,24.81931114906955,13.796737892151288,2.101396318121206,14.107883481018195,8.39010941809806,0.2704079453123611,30.733382993773873,Budget / short stay
CUST_0022,125.01955002311328,3.0313856399044075,1.6135287569937315,2.3547753424302633,22.475924909858428,16.160538369854674,2.250180074609549,11.346205186643532,2.4078542282298807,0.2291279341690099,38.74338257392704,Budget / short stay
CUST_0023,166.89590945082867,0.0,1.9625189227383792,1.0,14.402598833576048,17.344567238393005,0.48350158438933,19.649532536847904,7.688445146390819,0.2278677637659906,33.46589546140525,Budget / short stay
CUST_0024,136.60035139448635,6.803134387031507,1.4112709468266889,1.0741763929469301,10.487482719795516,12.901670329356932,0.0,20.503886019886725,9.206749277285121,0.2215728458677202,35.695352954290954,Budget / short stay
CUST_0025,130.57678791241165,3.5611767140690223,2.130076965781597,1.0,5.0,18.35568146699965,1.3792278568057608,15.838963012566316,8.123159355118789,0.09221298603623651,25.594618028172547,Budget / short stay
CUST_0026,132.25306188925896,4.753928219460944,2.50890107247388,1.3029318549872881,15.282522460336827,13.332738264176378,2.0446705810804238,24.986191146007847,8.895944451284185,0.23605785254876685,34.143705725156025,Budget / short stay
CUST_0027,151.71080208217367,4.163709602820576,1.9088005293679262,1.9198183030084968,30.102075061237013,13.941808388918954,2.7380756179474517,11.94694900177456,2.787192705727753,0.07153488230987567,35.372285404446075,Budget / short stay
CUST_0028,148.03976941600973,5.577627340750844,2.0462294858794423,1.9620939214063855,20.174421357318238,22.813213199016705,1.7130380576811608,17.558337507364648,7.9931204649885865,0.11643204358999559,27.540116246597844,Budget / short stay
CUST_0029,149.08011745511175,9.19794069236293,1.8372087433045072,1.8381370896642768,15.202138569752552,10.797069737437834,1.002626642731444,16.490755190401995,6.0921407215886605,0.28428520542464697,34.357242223697,Budget / short stay
CUST_0030,149.4780620661734,6.471145702336034,1.80005907516399,1.0,20.325401047501533,3.9360983453525495,0.5854955027321098,19.720476377963962,5.551629523826065,0.2472176130155358,34.397126551449,Budget / short stay
CUST_0031,187.11624721915015,5.524095488883935,1.2949093765200068,1.0,10.195208235027785,24.054684975059473,1.3091610333365236,21.673185707883434,9.61166682825918,0.29899186317486903,27.702684273219504,Budget / short stay
CUST_0032,131.05886963953844,2.893038741522565,2.0215459831713156,1.727176792695191,16.513383186511824,28.746639763035013,1.060588236891795,13.952642302258731,11.43782353202269,0.15826604930501662,24.26338940637403,Budget / short stay
CUST_0033,128.73065996042618,0.9759511658869293,1.7318993811105574,1.464111983180832,18.497387365078694,13.97365367275334,0.4879456754169471,24.345696064737368,12.383110163801078,0.08782009269785859,23.895230008610366,Budget / short stay
CUST_0034,122.09699997854669,4.541076272780007,3.2652178162514165,1.9296928858583058,17.569496740894756,6.3158097968990745,2.9390045206906295,20.3780142100082,10.944423614517715,0.16076502423437256,31.51903325152877,Budget / short stay
CUST_0035,153.5515472966609,5.838652347545039,2.9013484317326697,2.050976813110635,21.954030608450402,14.447580119020282,2.728134721657705,8.648322480128538,6.670797455109449,0.18816250377924593,32.96205921273589,Budget / short stay
CUST_0036,164.8373904398596,11.30378974073965,2.0700925867895505,1.769120716029341,19.72322613118026,14.568885250796654,2.2088389468443426,8.248451357617814,8.058160489079029,0.18631909730720078,26.244845017252512,Budget / short stay
CUST_0037,137.49315593159275,6.390823564418658,1.265859953213663,2.080066542687927,21.341630090539986,15.050380794888715,0.563319681752698,19.926084242424132,9.300468615352731,0.27069443830053613,31.159512047956593,Budget / short stay
CUST_0038,121.51655750682438,8.948218533069173,1.0213119696116075,1.8146056870575342,14.558138588846203,10.43305979039076,1.9840154594378232,18.674196093281875,7.363533847898386,0.15109836599972434,34.423222216830915,Budget / short stay
CUST_0039,121.86141325479272,4.502113204382544,2.6338000671622055,1.9650323528007334,22.48907704205274,18.897805712382386,1.8117011275983215,19.3794793185522,7.3922925637346335,0.20816275774423393,34.709144287991805,Budget / short stay
CUST_0040,154.31304133214343,2.4451687007489262,1.983924457602997,1.3476633685650588,26.144684738119956,18.62253687643043,1.6540364993632424,19.832105260818693,9.471259395628547,0.1009098280452315,40.31128072073493,Budget / short stay
CUST_0041,156.35159176647574,3.1046497133028845,2.136100382374128,1.6101942930842708,13.149252401742938,8.527971900903466,2.299732213635022,21.353359037061082,6.822152061922203,0.21602538224350504,38.66188499318826,Budget / short stay
CUST_0042,151.9493939027143,3.8243218063927404,1.0,1.7983880483284787,13.561521721427201,19.49598365847444,1.808296914289022,25.685897659089797,4.812139190879016,0.18024868401485095,24.992251403460735,Budget / short stay
CUST_0043,125.35878643964872,12.385409197305494,2.4492069370907266,2.1102642377087095,24.678921681601164,26.263424909729455,1.8920113890434684,13.333370594494651,5.756580802492424,0.1200149329372386,41.10151725722814,Budget / short stay
CUST_0044,145.10754910746783,3.5358399623268415,2.118094236750054,1.5031294138877138,17.043280066524698,16.859801662185298,1.8095250266977683,12.96817044259523,8.901731133201228,0.16113365102601176,27.81414097266571,Budget / short stay
CUST_0045,142.56708780109602,8.515467611209035,1.0226985209098656,1.9605836278660562,25.019106960332785,14.31337418965747,1.5726331264016848,13.440056852675704,7.008979873599867,0.16526594027878228,37.269236874726566,Budget / short stay
CUST_0046,144.8111491280383,3.291218465738921,1.4699326347850357,1.5670806040423104,15.787321440539081,15.289983927962393,0.0,21.733500003012242,8.020629930605013,0.1583875896530323,31.407919756306534,Budget / short stay
CUST_0047,159.17143311486018,8.794719038622732,1.9846020430495637,1.6412289163359348,25.27522788135356,19.076283834842805,1.3668968619284458,27.469684271878673,9.010237726606569,0.3217072993814147,28.527103729258194,Budget / short stay
CUST_0048,144.919102073043,7.154852898317589,1.8367267588493705,2.1147595210120365,18.65742908402726,7.3466419724639085,0.8550464329206999,17.411963370562937,5.875475611307171,0.17212431981536963,21.0,Budget / short stay
CUST_0049,154.9360983875817,5.530086307025729,1.5954801699375116,1.0,19.291144116613477,16.821953514886513,0.27612723388798366,4.989800935042073,9.268744490889418,0.16048831118581297,29.970612938701912,Budget / short stay
CUST_0050,141.4867395287556,5.877712421593698,1.7275582123538276,1.0517638359626194,25.82359010834952,14.04768025268595,2.6454532954406593,9.776042824337747,8.136527810375183,0.01220392339118867,21.643700588166347,Budget / short stay
CUST_0051,146.36062677117965,4.035636913711828,1.6236158352551804,1.0,16.191147612779144,25.239125064780225,2.683196272708563,15.00177966322393,3.2955607392655644,0.10846341184164181,36.80379541505663,Budget / short stay
CUST_0052,153.8883409684479,7.338216604446242,1.906793758471728,1.0,13.294389520375208,15.12913633097521,2.3873764802364894,16.65362667502871,11.326914373558733,0.15895412604349177,40.10075594283549,Budget / short stay
CUST_0053,107.94257196317534,4.63504955897766,2.8300443810952096,1.3608677799224116,15.757178959858228,24.339438055597597,1.5041707334846999,17.549668236471643,5.497765768729252,0.12513178590586857,26.21853406421986,Budget / short stay
CUST_0054,132.96723324013936,2.3231827086982557,1.0,2.0747169498638702,20.261669753215692,10.481296511089964,2.3805000967621255,20.231486737885504,2.0347139704444483,0.29053660747022375,32.81182445511563,Budget / short stay
CUST_0055,129.6518016055585,2.166187277041142,1.634204814843221,1.5575579668087125,10.171204639097429,18.93629583401396,1.3096425444814606,18.129522015065316,3.864868871241093,0.16680497796830251,26.647650867952148,Budget / short stay
CUST_0056,125.94468733864647,6.517763753166358,1.9235586949607129,1.7988950409709261,21.187354513255606,17.597001318956146,1.4622378215182237,26.296037663260442,3.9368645179650343,0.2830755399454602,27.22909161917926,Budget / short stay
CUST_0057,133.94687047301295,10.737273769231304,2.0071957927809696,2.2446087483553963,15.306143411911284,11.654763760676088,0.4252229036304136,15.943896165911788,7.1565199559726,0.18493637072402944,35.64696822319223,Budget / short stay
CUST_0058,172.8887088471567,6.479974840720315,1.539659793075097,2.3638430661338456,23.73906330366782,16.8869805731847,1.6175930435990722,14.826092243146743,6.178448483361288,0.18297822691372612,30.768770428939526,Budget / short stay
CUST_0059,120.95171545474865,5.644085021670352,1.0,1.6654310326369302,6.028698475497642,22.062594184158,1.3483087427395337,22.87325323112277,5.989504097078221,0.1728962841829999,41.437888251586074,Budget / short stay
CUST_0060,161.30212380101258,6.857478418807629,2.029596838599877,2.3767929447846985,14.067171124479156,14.381041478566996,0.2578783065324284,10.786147580443284,8.859105896447437,0.18030370012971672,28.106605127782473,Budget / short stay
CUST_0061,102.9768650244523,9.918005225120474,3.0091451499149295,1.7460633292170546,9.56765924382949,7.5401867541511844,1.2590423105467226,22.338150231920014,8.01962608357811,0.3175036002439887,36.99601799484694,Budget / short stay
CUST_0062,132.63252934031294,6.658147504091569,1.0,1.2813008880862689,13.868852668180237,15.91218586761277,1.2362163489145532,20.615319102357603,7.948143611932859,0.01,31.58448047774669,Budget / short stay
CUST_0063,143.58056743231012,4.767218307498789,2.4046796095887317,1.4027998239006323,19.238329505544716,11.487884526037437,2.738048933315712,19.115345060490995,8.229485371986078,0.019876340444905688,35.7746680584654,Budget / short stay
CUST_0064,152.89689128990412,9.318866130179666,1.5700323438139743,1.0,17.103866872751226,14.288295306680588,2.015370662810728,29.529656642895574,8.848404004006715,0.13654633351551088,28.317054056020318,Budget / short stay
CUST_0065,155.64698475544282,7.286269315384841,1.757072957919807,1.2559330731331737,16.733112155259924,15.592061151574395,1.3091563512731728,16.266755328231692,0.6761399746676711,0.1811622305550055,30.702646974690502,Budget / short stay
CUST_0066,157.45363917439835,10.607267975987977,1.0629710425072356,1.5209916559627854,17.204075643099696,7.471738919922414,1.4990298478408666,32.36178902314447,5.906685243206616,0.235208353981121,30.307006724206392,Budget / short stay
CUST_0067,132.32804841053436,6.549703311665718,1.5658806793508864,2.1017925096893006,19.016941203099716,7.92170830339661,1.3353699024833585,18.647411304631405,0.4593698065315781,0.217846975842198,25.983657310925278,Budget / short stay
CUST_0068,129.82826056137952,2.326592904838499,2.710031216289271,2.5603849155829916,12.957319790284462,18.410334177627625,1.1376688121635619,12.337901330178632,7.108179780393386,0.14926032696955438,34.97248920749052,Budget / short stay
CUST_0069,158.87546938765738,1.8955224022630048,2.207858669391395,1.0089092423114798,21.534248204495253,13.386406519151599,0.4340582420893705,20.419517485968953,6.986101083326964,0.261523495459341,34.901494033470186,Budget / short stay
CUST_0070,135.79130485260447,10.952783796693748,3.012618123786961,1.8964137341299594,21.31332985192742,3.176278290897164,1.1791584979144567,13.54252879808739,10.13659682436904,0.2624156322522185,34.5613281694334,Budget / short stay
CUST_0071,111.93490088656571,11.170997162349892,2.6241883222843856,1.1797280304212328,19.925189688280504,19.924220183040674,0.7031213946779893,15.489464913118999,10.562903178163364,0.19472462650172523,40.22179392350587,Budget / short stay
CUST_0072,115.06768129192342,5.461442360152198,2.1073606752507033,1.937348544231601,20.782667213756316,17.3618487763712,0.2997475688614828,22.38219980009295,7.608325144757102,0.2570126057989473,39.69606880741782,Budget / short stay
CUST_0073,119.77204970796456,4.8504380365920365,3.0207541683174544,1.6344566746561366,19.482090004043297,12.43062587981758,1.7089774516380278,23.33349253190075,5.4989167678093,0.2018116210745703,28.750331860905188,Budget / short stay
CUST_0074,150.9375363691828,10.384332876726607,2.107295211116809,1.0,28.175366513655337,9.415848944708792,1.613011727946588,16.266993798474452,8.455483337637213,0.1350813578573693,33.23831391060507,Budget / short stay
CUST_0075,143.13336619355243,2.678862953869536,2.379591723757941,2.164148495784242,17.56452914473745,20.179039481571685,0.0,25.924430870278403,5.41624708802706,0.23582534712000036,27.258395864450723,Budget / short stay
CUST_0076,155.1906777894909,3.3158189431325207,1.5924003325257041,1.3974996435956344,16.464583908327118,17.746753112802146,1.2018522900038984,26.945046548126804,6.995822045669954,0.18884904980629422,31.140131896687333,Budget / short stay
CUST_0077,130.60044178059624,7.929980384067133,1.8465820711014433,1.4330498808132226,14.23236209821311,27.913011413420367,2.096561108719939,28.617810539379747,9.958408950882303,0.18010718774035894,27.401503305286813,Budget / short stay
CUST_0078,143.4878732036877,4.8161846314212315,1.3118033236898063,1.165123794355155,12.838686647110816,18.100942993624688,2.1473789911170567,23.176480442754333,5.326685962031729,0.29783628577516597,40.72042185481631,Budget / short stay
CUST_0079,153.7629886672814,5.984634399839786,2.4927087542163973,1.3728583616562222,11.777641061994624,17.938515706310074,2.1206694743081913,28.18057227251419,9.417035917727503,0.01,33.182188902057774,Budget / short stay
CUST_0080,133.19437612615476,5.509671304426462,1.0,1.9139452203474585,13.556013433845408,15.165360349457174,1.3311305655211678,8.715209432155653,9.032204106076907,0.06658526638723442,29.691825231373468,Budget / short stay
CUST_0081,150.04905522626305,7.0127236463968,2.347645239692363,1.6053778295317973,17.646598091739644,20.083879336003953,0.6239637376246792,18.092560708229225,4.135624548607535,0.08503436589005038,38.16171143113826,Budget / short stay
CUST_0082,125.43762929653367,10.22244558394115,1.6665442597463884,1.8643310011412404,19.671475642488573,19.12542600624077,0.4330409381135516,14.797968462059442,9.921682384652204,0.15093914819449555,21.0,Budget / short stay
CUST_0083,132.0128153755684,6.271754720705236,2.6198729654271236,1.8809609269644219,18.25571029276081,22.258625042825976,1.575683923800286,20.715355166764354,9.095699036114516,0.15963134641871757,21.0,Budget / short stay
CUST_0084,131.60176633203676,7.931816379830574,2.325608292111882,2.3603308277640833,14.172323612851436,13.393385406813575,1.6034240274921305,16.571304684819577,7.305777662117972,0.05941394817815619,35.775031931318644,Budget / short stay
CUST_0085,113.69152779704113,0.0,3.0744523103527612,1.5286069245678102,22.500922820099817,13.822962635280188,2.3298648892840523,19.003052948301605,4.713029625917043,0.10118735741513389,31.362810688704208,Budget / short stay
CUST_0086,150.7133945772828,5.853844794209646,2.3115422837970514,1.0,21.69706336150474,13.6044841454401,2.179983720273667,31.2930492812243,4.42238194427329,0.11113266571811438,32.502677801564566,Budget / short stay
CUST_0087,129.67314851554008,3.4703091891213864,1.0,2.2336112082859914,17.201758462889917,19.954008605894945,1.1942170747750624,18.98168122147773,5.387012269290933,0.37659392736607133,23.04162338008871,Budget / short stay
CUST_0088,140.27487061200912,2.3435608187291157,1.7531327789712594,1.5342559139513727,14.73541927667644,23.49187220148366,0.3046352969113044,22.482753903141283,8.62778338987588,0.3241393558197717,30.8605977348978,Budget / short stay
CUST_0089,150.57642649593,3.3655428992137475,1.0,2.2572962222886885,20.742139604148996,13.705797534253497,1.0447147223912818,18.606384020454588,4.133124497795807,0.14706004658522803,43.021056462408055,Budget / short stay
CUST_0090,149.82368587265876,4.997629677897564,1.4372041103436077,1.8916885565912351,18.939867937430524,13.876131361034544,1.4737849558484197,20.454279727741003,8.31253674585961,0.15091333677545607,35.94519771877518,Budget / short stay
CUST_0091,154.6384723974013,8.747707627068039,2.857859903293705,1.6344312348983274,10.759363702924762,17.570386119348996,1.1383334036884767,20.03610008261643,3.2747334133648223,0.08806368022493646,32.018239270856874,Budget / short stay
CUST_0092,137.83331934079268,2.020821846781308,2.246273667628387,1.8743879470231475,17.660098720077976,14.771192499935493,0.8376847135378753,22.689944395838957,6.387794246683454,0.027349566941978654,28.365676539370373,Budget / short stay
CUST_0093,130.68743713502863,6.091894477783252,1.3107486999948776,2.67550628006315,19.310179060371905,20.76026826569945,1.5023078519759192,26.991845213283064,7.328943263722026,0.17064958508731806,28.63256288878364,Budget / short stay
CUST_0094,138.24619936005922,4.547491699999265,1.0903978434917208,2.7384902645268765,13.501526067561231,4.741113546904767,0.8968338068715116,29.884363985619977,14.33539043517675,0.10017184134047794,21.0,Budget / short stay
CUST_0095,102.87864245292334,5.016980716914118,1.8229474650133826,1.7346905675663893,18.949216964187215,11.866474765415527,0.7975471330197008,21.857720491455,2.8680530334388976,0.1732119574670392,32.545842525526965,Budget / short stay
CUST_0096,108.16352560669208,9.008273475913812,1.0,1.7800952966585375,10.725887573711054,12.087918330192771,1.5491622674427517,23.537281316213612,11.4160436994704,0.05198353207652179,36.072898650891126,Budget / short stay
CUST_0097,110.90060852820315,7.614346311011778,1.3302018058223932,2.2381200787331927,24.680930500060853,4.398219938069275,0.9784059358966362,13.094812944886598,7.449527241961841,0.11904204333517937,21.54628403697631,Budget / short stay
CUST_0098,118.06056979276741,10.01219432232823,2.0184066300858707,1.2771694836163263,24.239749925297158,11.18180777815598,1.4952835111826817,19.472739545506276,8.23351575404789,0.19189016762422645,27.031498646159104,Budget / short stay
CUST_0099,148.7950329879156,5.5364829622502985,2.608718425274687,1.8665351863091275,16.737413328485175,11.42421942077037,1.5185632182816982,25.641736789301532,7.355043740164613,0.209296767822715,24.055212206599467,Budget / short stay
CUST_0100,120.07946078207866,3.912172164987891,2.226133030557108,1.6870685760230717,19.817271689195366,14.994476727405848,0.38845679912674025,25.19581183050292,8.334180454585699,0.21339775669936117,25.20789283114742,Budget / short stay
CUST_0101,131.68042381113344,5.328423549358502,1.0,1.8569541057287768,5.950390171000626,21.56482945830132,0.9150071009076703,21.2696583967703,6.538944686913947,0.074360881267437,31.3208897609314,Budget / short stay
CUST_0102,168.58302255129342,6.727490373813665,2.013056710321182,1.2833155970252972,12.218261698673336,14.774696744046489,2.4502215519331703,25.318363757407717,11.362150544372374,0.24837485841084495,21.0,Budget / short stay
CUST_0103,132.16219263664863,6.5297200753611335,1.8504235012628045,1.0,16.53110539923935,10.84593139864423,0.37033638981257033,22.944600253962914,5.630586567325833,0.11598306427185197,34.68562263014238,Budget / short stay
CUST_0104,156.2253425062759,2.7468357832999004,2.0897231997608854,1.0,12.639334892865705,15.715227293932355,0.0,27.20183754955593,10.396703716537743,0.2306286331685845,35.5231304196021,Budget / short stay
CUST_0105,119.46041103978271,6.271469344883623,2.931346777155845,1.141307943505196,21.571982413153293,21.245868107206746,0.0,21.736154941742665,5.066898639360931,0.17914890587054455,29.493384471778526,Budget / short stay
CUST_0106,135.48037372691215,6.684684990416716,1.0,1.4706623575303335,27.98648265373997,11.120205919425477,1.3232879572613354,17.865810106573793,6.819244460796139,0.06988900007376415,21.0,Budget / short stay
CUST_0107,119.09951479196721,13.55242211260176,1.386227602366226,1.553404206675619,12.11692640285349,11.447125580392758,1.3247338224261591,22.015047541598143,3.784112343129342,0.15470418363350497,25.02148824398566,Budget / short stay
CUST_0108,132.54127233018764,11.63053383384501,2.213634425955348,2.6686155812147585,13.812682979574037,18.792744796371117,1.2059113156599033,3.0,8.36507116104256,0.2092290993651014,38.39741160461618,Budget / short stay
CUST_0109,158.4867790240627,3.44026994832354,1.0,2.252996684953649,19.17724184154965,14.892319421345997,2.2713518631428014,22.297314418310297,11.335377870779602,0.22903723043796792,21.0,Budget / short stay
CUST_0110,101.99895068976832,5.137849915352472,2.8331643336374563,1.2189544418291862,26.055580742498105,19.237423453547372,0.0,3.0,6.767931460537437,0.16872096820444651,28.914859526838885,Budget / short stay
CUST_0111,149.55732015800885,1.6096739944889906,2.057849628890461,1.8738542262254785,11.888128437300484,15.931766041023517,1.616747099544659,9.659219555567493,6.409342903888271,0.30254231124808423,23.919995329196446,Budget / short stay
CUST_0112,145.2301832513101,4.227878958109541,2.392608790090383,1.4964608818248375,19.24518061153471,19.508318240447835,2.5491505614428585,22.710611605645905,3.6561491107962194,0.2606008616789247,35.82742180950902,Budget / short stay
CUST_0113,126.92870097467052,6.946815010771021,1.400339436934744,1.5578180809799524,27.106494254065545,10.824609429796796,0.3977753880866288,22.86517602360077,6.312122039343076,0.15946767068801976,26.949316287139233,Budget / short stay
CUST_0114,108.186727203454,9.6175608626647,2.369634582976347,1.792662824707691,9.741204259103664,15.939576746058663,0.9961547905680839,13.025427319160418,2.221617220835417,0.24000974497095556,33.42372412441367,Budget / short stay
CUST_0115,141.58684916970512,3.8127484867691743,2.547930089192327,2.0095855584876965,11.59465396577084,14.946549928184215,0.6976864662171033,15.727387748726368,4.2613660398435185,0.3347034788150549,34.39276251501456,Budget / short stay
CUST_0116,128.35116040059634,4.03756067979661,1.9630146140960179,1.5303707580579924,15.881966967695808,9.920545379479346,0.584523163137977,28.223245931684794,7.680358138327406,0.3368387680626421,42.01735503838012,Budget / short stay
CUST_0117,145.1188766498035,0.0,1.9640806248890872,2.231925766367179,15.397057935722945,8.182610260656558,1.038990395981568,17.095819210563942,10.957039593224188,0.08176000953420019,29.782348337947777,Budget / short stay
CUST_0118,140.48074720151575,5.512002238365277,1.989240267497208,1.129030886928798,22.063006438768223,19.428745176373308,2.441988226947604,33.45752187441791,15.42763258368851,0.10587735110742794,33.25626621773567,Budget / short stay
CUST_0119,175.23913560906016,2.8127567644213105,1.1956583146824329,1.7031695311811341,19.20829859910419,14.24523808891011,2.7699093403900164,19.988480880941925,5.240244744787298,0.2987935029387081,22.089667125235383,Budget / short stay
CUST_0120,134.73417619559348,4.411681717901779,1.696729923831753,2.998836863297916,9.125189701789358,10.888598591763351,1.0312486199678819,22.4482170612876,11.30590046993632,0.09533751593298902,38.142481379762465,Budget / short stay
CUST_0121,275.7771018367886,25.832574958737535,4.53910017699915,3.4947178432230377,6.471399050069701,15.487737466077805,0.4853125392698964,9.780415892571552,14.3023240903943,0.4226407309893258,26.971644208461107,Family planner
CUST_0122,284.76606261605144,20.568086662955363,5.6399226051327975,4.918306215003731,7.667182216755199,9.752773825897641,0.11977526559846224,11.517616024408802,16.11570403213602,0.36792415539335627,38.034866194045016,Family planner
CUST_0123,308.9988492317855,21.054452554873762,5.036955388719246,4.329037575344715,8.109752469232992,9.535229040037223,0.41552360024427715,9.527495252484607,17.45400011805024,0.4768784631903563,50.84923396290388,Family planner
CUST_0124,239.67020445970678,14.916294012337136,4.695041843999827,3.591496014781471,6.828535377585177,7.222538077102164,0.2739685922983219,12.275055801389767,20.02395791275284,0.3455939350132401,36.94988938283282,Family planner
CUST_0125,320.2946513018022,29.8955888923676,6.16385032493269,3.7108428640283893,6.844338181304759,7.742109015495311,0.0070116960343223345,9.3783701318308,22.404281024754354,0.3896120708088786,40.70655754214608,Family planner
CUST_0126,353.5359822816255,27.33240973418725,4.5633411753481,2.6462583275316423,9.567146864439236,4.686418754233991,0.2550621922625651,12.138754864526746,15.528261382363752,0.3766332933650044,47.93652490794808,Family planner
CUST_0127,323.1820220573781,24.48009836376233,3.0192618924365293,4.210779360681233,6.349844744840778,14.919315156062119,0.4991905803132198,12.483291081466556,14.71921901942321,0.31117145418726816,54.74819313294702,Family planner
CUST_0128,238.49960961195737,7.0,3.9967599080482947,2.4921474338436274,12.526380877412898,19.235658168331085,0.016391465734679866,5.781893479100746,19.18827836767153,0.3804982318924677,35.96206068796181,Family planner
CUST_0129,304.42858175516534,18.02146024244665,5.351191728701694,4.501437172668365,7.246739387747457,17.701315773881223,0.0,1.7674238125170163,20.05422458205427,0.5634386246197682,39.88214293386602,Family planner
CUST_0130,343.3913006340771,36.96672521122534,5.195509106362508,4.002897273993012,18.428706910289176,5.495662045493934,0.0,15.173971424058212,14.828997833705571,0.3129603057904558,52.7543865493999,Family planner
CUST_0131,225.49050553153415,22.682991999494952,3.232941749764562,5.809561439659138,8.645846647106815,14.8994186862248,0.5953625130444481,10.026634922849047,20.951967384830862,0.3819464892853249,29.344605073660002,Family planner
CUST_0132,261.6355293782029,30.88473342125473,4.075657480591799,3.0198915570205553,10.216052925751157,17.688425399694225,0.6726616309835303,2.142056418015514,21.897926705779867,0.46577789508694434,47.193067493876754,Family planner
CUST_0133,349.4444621836684,16.87451656019795,4.218278650797753,3.8178703271674936,6.113976446601894,10.172760077045345,0.5158302221182588,6.144722011125156,23.458432328293366,0.4540253280944281,32.87179127347119,Family planner
CUST_0134,322.1542945388779,39.50964385887385,4.434530405885774,5.33863016073845,15.118275274382917,12.405789722600197,0.8825852463643329,12.087497169479313,25.891604533599114,0.34117164177193654,40.7173065697221,Family planner
CUST_0135,328.53872119570394,26.847778719562587,3.4240864113984486,4.853111712233131,13.358502042408748,3.9684277967813184,0.4439338185403638,7.881292675468428,12.667919306702807,0.10166112970426383,38.30166666819808,Family planner
CUST_0136,393.67726634304904,30.32032317186828,4.1716288918805216,3.34303035873608,10.890747612208337,13.066944671906565,0.5960054686828784,6.951754322723492,17.069491046662556,0.39167028186484665,33.29391879509139,Family planner
CUST_0137,331.0848750327791,46.606238335053476,4.071389514740472,4.079173942698758,5.959592353661304,7.74576108226113,0.5519187128187815,14.603527441251867,17.0563884830933,0.11805257413769474,33.118286506392074,Family planner
CUST_0138,339.60496046949305,40.13152080471523,5.571533259761919,3.9015994851320697,10.632000633173861,12.798540071646059,0.3542299902908961,4.810851414464758,16.509632157337464,0.48699372309412314,41.93490054977628,Family planner
CUST_0139,431.9835487248247,25.547475029703538,5.609121310990243,4.125564693915326,6.635706861948235,5.755188311244479,0.13458908593517638,5.8073865689806645,13.753685401949319,0.35694738711932605,46.96877529713878,Family planner
CUST_0140,300.3787948859279,23.254238521037127,4.654189541911184,3.341055651212136,14.387065790420081,14.171432897910384,1.5070763078959555,9.84554590019307,9.572189983844643,0.4399674019871989,39.09184657768048,Family planner
CUST_0141,274.09527563716773,25.395639907843744,4.407960204129268,3.8285436778394124,12.427584195559518,16.09805070170676,0.17402451007324576,10.561819728215529,17.46339723014502,0.2497888861818949,40.490792111132514,Family planner
CUST_0142,329.250837921121,32.07918598781229,4.939924312039113,2.6215580997786287,10.28631711546321,8.867280553139329,0.06706114443978184,10.985372137362926,13.158221702260438,0.1847492526699946,43.99821846403733,Family planner
CUST_0143,329.7545963225003,27.15820692599303,3.983424892544425,4.008098761494465,2.6908730102580325,7.452309674358262,0.6170049117250536,12.644952178275787,17.429967403738125,0.3660754384141167,33.19866858890928,Family planner
CUST_0144,286.29780736242066,24.838046839972225,3.653167917832559,4.2600165387374656,7.049752064022908,3.3759078298000755,0.5259272076475026,9.794314482726067,13.029782291505732,0.33663965600438583,45.17784755889046,Family planner
CUST_0145,263.54213412003185,39.737450005672336,3.859778791074283,3.718064469884893,12.063283394799617,10.934345863699292,0.0,10.957535755753636,11.501708270778293,0.29084591738428345,45.73540167941823,Family planner
CUST_0146,413.9429989940535,27.086320865777306,4.165186836028543,2.6079592875321698,13.638651075169467,9.67362426287358,0.9613391272818693,7.963162962739667,18.17149180188449,0.3484661280732764,58.22538409125287,Family planner
CUST_0147,324.707956167461,46.396712744298554,3.6365262002077285,4.69082549028117,13.327509434476394,5.795922350607781,0.35290271232458337,9.250793212946856,17.754607634032478,0.616743589203226,37.36727066608292,Family planner
CUST_0148,277.0471578369066,28.725940510017384,4.962059559062874,4.191620030394242,5.223960993275634,13.812075025248687,0.0,9.430136720214538,19.896409856604663,0.4234525547369058,36.79342738832311,Family planner
CUST_0149,351.21686360258195,42.28254715379782,5.529715673783708,3.3191879218392186,10.904656920438713,10.200118472541403,0.994392057176937,9.860392543276145,27.92931883208813,0.4449498605863319,45.38276110101622,Family planner
CUST_0150,305.08846817973995,30.858555381685015,3.2129016992017583,3.6755196425295487,13.046545649448788,7.69705616541907,0.712837785798077,12.090159230331043,18.386447656054234,0.4243936891553356,45.73372918238497,Family planner
CUST_0151,298.6203349156976,35.70368458599558,4.825128711216033,2.6994644777745287,5.0249933032532645,9.781710377438213,0.0,11.220582727779323,19.42540883532065,0.48794621438521935,36.25438992636302,Family planner
CUST_0152,335.3022792361522,22.203111587858203,4.580064204733664,3.0796718977776765,9.976286453880292,16.28521815571846,1.2885914201288622,9.176868011600732,11.612193355663372,0.3209928327099255,37.17786126148966,Family planner
CUST_0153,251.86529792957396,21.169926219300706,5.141508685536802,3.4697509229142884,10.821527194925368,14.411747775020888,0.7293986841830964,5.763496060235841,10.565462797318126,0.13452386923247064,43.78791586752628,Family planner
CUST_0154,325.86822417627275,31.6776476401199,4.787061231896412,4.882736649824121,9.097706245459795,11.47989575400604,0.394901942187477,9.270685032250839,24.914147233866668,0.32114138669939907,34.20691031485737,Family planner
CUST_0155,396.08296634792885,35.90842593972252,3.346400720068369,3.388397287290019,4.443514433796395,14.47642007385941,1.1951094028108897,8.887928860417023,12.382601100333481,0.4211735709996502,37.12626208389489,Family planner
CUST_0156,330.97799479887897,28.322052016003703,3.5376107011428344,4.4121709274630065,9.022905669778813,7.356352174453044,0.4796488919148203,9.772726319252794,11.78027964265679,0.24301996048849267,40.627149371579044,Family planner
CUST_0157,293.0704553297441,17.708853319330423,4.829423575584973,3.469347037710736,9.018083709234928,12.129480402908122,0.38595846244798404,17.82610122856161,16.804505393917236,0.32236340495106697,46.97157079375581,Family planner
CUST_0158,287.1802623807291,17.117933069685385,5.828780919745509,4.0983580486815,9.555782786356737,12.589289321945882,0.06984994198900552,6.9049088858350585,16.54903793311306,0.2708230256997687,35.76780968674321,Family planner
CUST_0159,291.5347011994701,16.58290878251007,2.585812628956997,3.786883598284958,8.30958572372479,10.120653966005092,0.6909252196535394,10.689156076501439,12.487467467783542,0.4902029251843131,27.103308765785297,Family planner
CUST_0160,298.57167948784985,13.859023096484952,5.14572657980158,4.598445280074195,8.670963540275597,13.741833343829672,0.63830148366199,13.273848268977193,15.4751339064345,0.4149457015406564,26.583817727372523,Family planner
CUST_0161,292.99870602587777,28.8758828755767,5.989622005287643,3.472150929425154,9.880881152959066,8.878266181422195,0.40734006994485566,9.392007656397531,23.146878588250523,0.4051540620643959,31.184108533057067,Family planner
CUST_0162,351.2340148483555,37.0003513736642,4.646974123793787,2.641977399998047,11.327363814909134,14.039282831104472,0.00500682306619854,18.35138047668866,12.970031955841012,0.40216013131209716,30.80782597260044,Family planner
CUST_0163,232.00559035559576,27.89267370460153,5.350202496026441,2.794440774909094,9.086719711429998,14.207435086125168,0.46496492708303694,7.487842833074093,10.031637578169143,0.33627507474478735,38.91772468966064,Family planner
CUST_0164,348.790002268546,9.916681941297181,4.096930919102197,3.474498004845794,8.771053214895995,2.0,0.3651006071189311,10.296356889280188,21.712968104498962,0.35975562825275037,31.677838924816765,Family planner
CUST_0165,292.9141063685847,26.47391631732361,4.680633800723123,2.9007520234575574,10.277062114763375,16.761222814040472,0.0,5.804777020428072,19.461484559690184,0.22148154194676828,35.08071528125157,Family planner
CUST_0166,326.96265035629176,26.697608026939143,3.179086481691848,4.228169612543641,4.2372522223144555,2.0,0.0,7.593901059426828,13.897406896756692,0.12135580212494326,34.58139880512565,Family planner
CUST_0167,259.2855440409611,44.76799000180351,2.455656691581126,3.5273854681135375,11.431105381679375,9.535803897775498,0.6825766894048848,9.99573564158663,9.08916491936541,0.3550081130345024,36.91644497406405,Family planner
CUST_0168,369.78839800822465,16.34289669664355,5.742765801225275,5.799685240021145,9.998310708631124,16.10139213703102,0.0,12.385216249230918,13.276883217807185,0.37239902562721444,49.25753032066186,Family planner
CUST_0169,366.0535732077343,24.874579179206435,3.815005072275558,2.5098283238902943,10.119080579792685,10.730853098990238,0.50270526348063,10.276379336094298,16.726477815753643,0.4609264568425378,44.63363312601362,Family planner
CUST_0170,353.18157365875334,41.64682144435651,4.344472154996569,4.062906542967841,12.882202922783392,6.135256070121832,0.16095847112308778,14.036459397338945,22.828360449419094,0.4971335816082368,40.11290590693203,Family planner
CUST_0171,241.83603508929073,31.599826730772385,3.413557746729807,2.9976375811954648,4.1415534098552556,7.6250517531333175,1.054123303439955,8.620138757629313,11.817090125651715,0.4969998484998947,36.772816035934135,Family planner
CUST_0172,347.3104481979724,32.5065045881314,3.390030296916124,3.505278927693857,4.078498390423109,16.10762298528248,0.15326589542306215,7.671325880643979,16.577400592442633,0.24019764067061222,36.96737140363885,Family planner
CUST_0173,328.2184789436069,28.916675496191026,4.626162299905383,4.013135578672435,10.821411535970558,4.313981877805447,0.729742107125948,19.815940429117546,20.37572329947449,0.3047734965050231,42.29422528966364,Family planner
CUST_0174,237.76279387903446,30.639548309258117,4.070422805864354,2.03970290010057,9.978649434614452,16.51596440384807,0.20154307938110422,10.576950597768123,5.093663299390396,0.38803342958813797,44.08918351346603,Family planner
CUST_0175,308.9066177303133,34.220876242228286,5.177970997994699,4.089460893430422,10.510530829575796,11.779591603830843,0.45687407674307173,6.122073816085809,22.168930839694497,0.5931904677742178,33.646677457295795,Family planner
CUST_0176,326.40405200649684,21.52410944885787,5.252538418979592,5.422325969819334,8.613618774482664,7.230418678230266,0.7684182654600256,6.222944951007724,11.087747138967813,0.4880099203713916,40.25536528929962,Family planner
CUST_0177,335.0233873220418,35.0244686312656,5.120849646324607,3.5372493613051255,11.993061022719793,9.667539710789235,0.16872214183770995,5.229280341874638,18.659977467284673,0.4519397161998381,26.0,Family planner
CUST_0178,317.9767615126985,17.01597586491569,5.038600790928443,4.107846285444407,12.79791652897336,7.931102635593435,0.898277442249202,12.746277423427152,18.23341574805372,0.30122120444507094,41.48199648919418,Family planner
CUST_0179,323.1054137581321,30.626943782652305,6.377768204931886,4.71993735450032,11.451946881854582,15.464900803434114,0.0,7.542490828427033,22.422931957319225,0.2516800368844876,45.3350446937108,Family planner
CUST_0180,376.3125126513893,29.429927706290616,3.732406230955114,3.7688371999784027,9.21751462478625,14.929711239051354,0.5472964212791895,9.509449902625942,19.7546219044677,0.418890788338324,38.039519611833875,Family planner
CUST_0181,365.1715259459806,23.069655294463136,4.745065133797082,3.435231849174813,3.6769318371567916,5.1233554644958135,0.8613198613939264,8.745965302246924,5.113547541350094,0.22993387357656403,52.715688972980736,Family planner
CUST_0182,180.98252707977653,27.818517797394826,5.932689820519588,2.079410877022598,12.307708624111385,10.385631525922664,0.7300187458951675,11.925969631763738,13.076103764220044,0.31615636490196974,33.83133086794765,Family planner
CUST_0183,295.71526503230433,23.019678778675576,6.0645398093380365,4.4127925755159785,13.665185998652777,8.547257350622893,1.3582224383677053,5.613023628463919,17.691025646766402,0.3285222050998078,41.52208290712283,Family planner
CUST_0184,302.5907037605222,19.426389385106045,3.3782363506554267,3.8094652722168822,11.93367523595194,17.17403987383748,0.01828034134466977,4.697710855427938,16.025100569401065,0.49929120891228085,39.749226773338314,Family planner
CUST_0185,231.1555642272863,25.171082067090843,4.48764455834413,3.0898529188894703,7.36107271789748,6.599603527494316,0.0,9.897189228726377,19.388053648783853,0.3045302697040323,39.29791632789614,Family planner
CUST_0186,314.2382376204541,19.16809091702671,6.15812109586726,4.001277368222155,12.021383181003273,18.416916418740055,0.0,11.403837138799588,20.946832778348526,0.09607503614273846,39.19974482396677,Family planner
CUST_0187,366.1940997584728,30.582379712745986,5.308079105199065,3.4330557145550546,12.581589123884337,11.86682104193225,0.7302212832742185,10.330129252390563,20.042258682148397,0.39044446476624683,40.749735210066305,Family planner
CUST_0188,261.1044463184234,18.799316046781094,4.995263031479773,3.4772590951075792,14.676448743397257,7.35226237447965,0.6489614671346893,5.76218508361069,15.928625287227675,0.27009781468960736,45.9357112042459,Family planner
CUST_0189,325.1380422410443,33.695816183928414,4.582315306565343,4.385032924886967,7.371670227316127,9.290903263962889,0.45112832982370793,11.709939368365575,7.7683149443975985,0.3442631024437747,49.64415365392321,Family planner
CUST_0190,268.7879435216603,18.548167456569438,4.416199074292255,2.829294070940924,9.320636246367584,8.793524636926197,0.0,6.024556291617463,14.722593755725914,0.3313295299157877,39.9842482884709,Family planner
CUST_0191,279.7639589344145,23.46964067535195,5.088219063090324,4.737852228859007,12.241816153430365,6.901526391937976,0.7834336466645304,6.913845420854466,19.081840740694776,0.3126296004182232,45.70721250520143,Family planner
CUST_0192,376.4827135376516,23.003172734278568,4.547625875015516,2.7818510695052767,10.172230214314473,12.379307438921503,0.0,5.224185901111991,11.547763737247612,0.4190340581784704,35.08763137613252,Family planner
CUST_0193,285.58489809496785,38.60117383099871,4.757421378955556,3.3698388733157887,6.648017193846176,7.088337797232627,0.9794747911884499,14.204633394608123,20.156373650607883,0.18671351216472928,45.36168816908363,Family planner
CUST_0194,330.7995620054781,30.642319564932734,4.878598706115037,5.438356955253262,11.24384885508011,3.278535165047245,1.8287192115699327,11.533686164109398,21.541966486336523,0.288298577504564,34.66605933321107,Family planner
CUST_0195,225.7951847772556,26.306129579644846,4.121928471506501,4.801883809313938,11.7359849014455,10.481294116607307,0.5832255732857753,11.419973502715493,17.634334881479212,0.40840379131173815,47.634619552616925,Family planner
CUST_0196,393.8042902627696,31.989755528557787,5.332129373881438,3.978083193996352,10.263888688993006,4.788575214328469,0.6915540678288716,13.988845684569801,3.0,0.2785915224655632,55.47448614175268,Family planner
CUST_0197,337.11936008379246,11.142461221362495,7.71424464841542,3.1475758275990264,10.658754781539832,8.991356527729918,0.15357011555222033,20.250596992954893,10.609558186440983,0.17911932907300282,39.14541278420026,Family planner
CUST_0198,301.78750708073824,27.65493128287274,3.0230133606739247,3.4765821546400852,9.22388229494281,8.363588445586576,0.0,2.163095584359378,26.430945792780406,0.4068555343256736,26.0,Family planner
CUST_0199,335.8995929499953,43.9801134224381,5.12401252418998,3.958620251668557,14.434836807148178,8.515135711896743,0.09864031848488886,6.0464936764915675,14.26731103485811,0.4523094630441539,36.16348946728624,Family planner
CUST_0200,246.55812569734854,29.058772051221382,4.039809911381094,3.9300185858716787,7.297923448861971,20.003852406360615,0.0,6.535299663301904,7.07928388435502,0.33550047923569937,48.62312594002512,Family planner
CUST_0201,363.2138833788696,28.543305353354683,5.37740257751925,3.8273032562992295,8.238037711708664,12.225646268678283,0.0,5.596721510469228,23.176236941551362,0.14391544015304675,43.87153750917671,Family planner
CUST_0202,295.4206851026606,32.38502703713757,4.846557473327861,3.8753339887326526,10.032956540582576,12.981484035981328,1.2611799709978246,4.68966700958515,17.066777957718365,0.41059697466988165,41.742395190725205,Family planner
CUST_0203,300.8168718228204,35.16484194651476,5.561854774042463,3.728499912235909,12.636862083102677,4.8944068146308215,0.5364312590128866,7.8013877437785375,22.524702444788627,0.1740112118580312,47.06067849168387,Family planner
CUST_0204,287.8754973265532,12.020266456881123,5.97550657650878,2.7464170114879893,5.50788048971639,9.384147465452312,0.5898437903069919,4.13358513884238,18.384793376096827,0.3708799276848166,43.391174074738956,Family planner
CUST_0205,283.8706868764487,14.541388145671785,4.992421117768181,3.4867914062713337,6.069109750703682,12.861210519766049,0.24548881740187525,10.340169470149652,19.292795681060845,0.251253617525784,48.52407631215795,Family planner
CUST_0206,341.2601775232784,29.682330328689172,5.932052288414178,4.631699243189477,3.8868144767958466,7.901884348347974,0.3135644587782819,9.206793285714458,18.815046238572585,0.2240160714233035,46.4359657365289,Family planner
CUST_0207,321.51580825469,22.280987504819922,2.4557021062113225,2.805332561959106,10.098085675759812,15.632251374071942,0.8822753411196667,10.924114659054622,20.487441559605,0.295808998292031,50.651903169158714,Family planner
CUST_0208,339.3286663631368,38.496202097759316,6.390452297916023,3.7483555907685773,6.645082548380368,7.1892136563958795,0.3838314406523923,11.03091380655301,28.38715224278049,0.32167024435727404,42.51157258734378,Family planner
CUST_0209,309.6042389731493,25.47860488091821,5.17506215189234,3.244196856983325,8.84634966994625,10.854535456539297,0.6653469690123663,11.412027413706706,21.855031679795943,0.2755791749613552,46.33681581045768,Family planner
CUST_0210,333.09399149847314,12.523754114295057,5.877843355745181,3.989080343518489,11.984134569675124,9.655793440097765,0.3019978510774921,7.50636425270447,9.098303410772324,0.3988703278215151,37.8501104883995,Family planner
CUST_0211,291.1518065233733,17.855888665248024,3.580124255158478,3.5890934551465454,8.07537183765146,12.657282637527665,0.22892355463397643,17.484573610534667,19.233307576394516,0.29539306215411665,35.78977431908696,Family planner
CUST_0212,410.33793286342967,7.0,3.9692301183946643,5.081914931979735,10.693846068230094,9.438039712578297,0.0,9.93772446592839,22.70740384051609,0.43801908716718224,51.94737348293281,Family planner
CUST_0213,239.44313126062758,26.1269957017367,4.945938294144774,4.305266523352203,9.101986276744833,10.91642549171625,0.0,1.5500609895008202,23.01350403268073,0.368117316564348,41.513432734258814,Family planner
CUST_0214,366.7421795603343,26.492926981884935,4.782962110662536,2.8505574673782306,12.01634294528931,11.055479632888058,0.2692190494667991,4.99049701693513,14.866975084704503,0.2702442793403692,45.634163961036656,Family planner
CUST_0215,371.5558352824437,24.604298321744817,5.083068588009989,4.436982409290959,11.425384202044027,9.062448970434795,0.4282483459966164,2.0379880438887374,22.82472222594064,0.25340601161677145,40.86618010087973,Family planner
CUST_0216,271.65285373154825,36.631032312237906,5.884515160929966,3.2802785149903495,7.92419891147617,13.94037547398845,0.0,9.06933851660523,21.638711997756026,0.17525037009525615,35.89439044356025,Family planner
CUST_0217,410.3173124750188,37.58815869213355,3.034779684697151,3.4384029028979732,9.494044739798642,12.9535534993497,0.38276256748268356,8.512779103786665,29.86258718484865,0.3690733177866823,40.07688024807681,Family planner
CUST_0218,354.7970627325393,26.63689261315111,5.773819071717309,4.151055216085697,13.131230193161484,11.64554421898733,0.42687628149525103,7.1262972084021685,13.249991318757441,0.3045412452748642,50.051958124373996,Family planner
CUST_0219,353.70125530703103,10.922450660185152,4.808281909957927,3.506602064215892,11.18013061076229,10.278166666152167,0.0,17.043704449602057,14.462997117997874,0.1027804471936486,43.886680519955966,Family planner
CUST_0220,311.26099841616445,32.93825264393807,4.596218138875452,4.614284653058364,5.809113826746605,15.186176122079988,0.0,11.195931496307644,15.46940475770023,0.28642851272306,28.01968788188679,Family planner
CUST_0221,300.22482288015954,32.44288182806861,3.3288847656151095,3.2803919507892836,11.966854183514148,11.056663024743274,0.6036319468677342,11.904393445785338,14.548889249806123,0.24989659707450482,38.49328880396692,Family planner
CUST_0222,300.57660278321765,30.47513256125556,5.3030486683768645,3.404842757926909,6.7461681326912855,10.773210848696252,0.593529364697872,5.275706048231587,12.549896251181984,0.4975677592170661,52.47605654893299,Family planner
CUST_0223,327.57387683437827,35.85183799446493,2.3858921489689626,3.374903285161513,14.237539209883018,12.418760119552504,0.0,5.0034204346759505,3.186622471631285,0.16972213881066905,38.50342196705031,Family planner
CUST_0224,373.05338237652535,18.68137522831168,5.448394011238713,3.4474890013159687,13.072296519523075,18.786346731883402,0.4792240252498675,9.147221996387819,14.82650263138433,0.19586492002659464,27.396649157860736,Family planner
CUST_0225,318.1591398037639,44.07004308948111,3.307894164527008,4.7793532444382505,10.869656427755203,6.638575167915184,0.9112036126802361,9.692028558608904,18.84679029849952,0.45099696431057,53.251342197957804,Family planner
CUST_0226,268.9850369588219,20.324577974865058,4.853457912617474,4.403037034888243,10.471698530308581,15.07942757222142,0.7885364794954491,1.574753731542172,14.533890772470446,0.47567631574639635,44.77674756868955,Family planner
CUST_0227,347.09921780732407,33.993783417606835,4.68083116267208,5.267955163209657,9.37290323191774,4.42731535504758,0.35235710649303276,8.278771908601863,26.67690591764555,0.26550170612743584,39.5099099883104,Family planner
CUST_0228,351.45178358776565,14.501218444693187,5.969538147293884,5.7141153631194035,12.035571854200084,12.869092632914496,0.16601184333785382,9.056288331494018,17.066879063579314,0.2767914177191089,37.40007584742552,Family planner
CUST_0229,339.4596787801504,20.557882501839593,4.62134483098611,3.075426374454128,8.887665491613815,18.300331310434924,0.08532775783274782,8.139403336915484,23.455145275920678,0.4016235396553313,47.57646350854215,Family planner
CUST_0230,343.5474507936242,40.13094917380269,4.105861438854334,3.956335301861831,10.706709611919681,13.954674097869228,0.6339098914548286,5.746438350613294,18.307102063649843,0.107290020305469,36.20611619841665,Family planner
CUST_0231,617.601796083859,14.208107830741396,6.329120641720213,2.018270178057958,4.547324805010104,7.730807690265144,0.9295230290888679,6.845296481571359,14.597507363831271,0.37170132300796577,31.159552167968613,Premium / long stay
CUST_0232,566.0865992865617,14.218357388903776,7.389145518056958,2.878863141174222,8.26485048972949,12.635696455089677,0.6038752988070619,8.640001097849455,9.821068263248527,0.49405258460519685,55.227763078140036,Premium / long stay
CUST_0233,540.7979636664247,29.761502863284615,6.295323509809381,2.811994375243345,6.7179544777445335,7.413133007576935,0.0,8.66438956517594,4.3793425572921585,0.5956308343435301,41.27282736443986,Premium / long stay
CUST_0234,532.3687584535256,20.48022106654742,4.803710400688379,1.512663107834438,5.010478748089705,8.777862924604724,0.8853493910473816,9.029843655329575,13.864518724016424,0.4960341063004214,44.85724058271459,Premium / long stay
CUST_0235,505.12771687929484,15.135826896918964,6.202036260844471,1.6011314829639973,5.013265542026222,4.035907785064192,1.1338117804019525,5.065419080088011,8.518517561355573,0.24849098641442677,33.76596822259787,Premium / long stay
CUST_0236,608.8794102177876,17.914068081735845,6.4945776777131545,2.276091506969387,3.368803816651634,6.658782224396406,0.07141179811128512,8.021321330504637,11.368013829684084,0.3844396036685551,48.209616144991166,Premium / long stay
CUST_0237,446.4458592713441,28.471515042794415,6.560907476213418,3.408292662268657,9.936524023711598,8.63160401236774,0.49553306605401465,4.371821607668265,7.410162286081923,0.4382297819189682,38.789005679459585,Premium / long stay
CUST_0238,382.1363642194322,29.26341973737977,6.626687114199096,1.0,7.235853008595362,12.7580114928796,0.0,5.141071050957965,16.577206840934764,0.4295350228615951,44.80135710394779,Premium / long stay
CUST_0239,572.2274104458603,13.282447745108207,7.855116662885975,2.394833057699353,4.41159994128019,8.665948333028814,0.0,4.246873076499222,6.493740703267212,0.4693235008237161,41.727207957113734,Premium / long stay
CUST_0240,573.6552578857076,18.70296332944624,4.879551625752194,1.2367696678987965,9.425643248806054,12.151161083578998,1.0240147888086262,3.4348334362051913,8.650280983575302,0.3091246158893163,59.40010241388681,Premium / long stay
CUST_0241,560.8204979635002,19.63109779367301,6.64598063863079,1.7559683045321184,5.318653570616881,9.922187330608761,0.2667917469962827,10.192628466574027,10.429794810789266,0.41714373963058166,59.858082401164715,Premium / long stay
CUST_0242,554.6569114175333,12.096319226383816,8.205901578065538,1.9449001073550312,2.780498118963302,12.882204018394058,0.0,9.065835102936664,5.631270691652167,0.45623551127537415,44.37210536171793,Premium / long stay
CUST_0243,492.7540678413084,18.61020463145004,3.9715439042879273,1.9056441595941767,10.0636668676574,7.822873348084833,0.6147301822292148,9.92999610993439,11.322078114350381,0.5008238048634025,44.51182169095084,Premium / long stay
CUST_0244,586.9360298727696,19.037260023161902,6.651505353092075,1.8263428422385544,5.38870903130166,15.170668131955413,0.2387937842844884,7.1179391980728886,16.44764190986996,0.32137100167259286,41.01245626920388,Premium / long stay
CUST_0245,516.127559225864,26.98146635255715,5.58047009723774,2.2050449422634593,5.773302729373631,6.543811391257631,0.26458917111223196,9.330423096595439,8.038151357225159,0.3720327446032812,52.84805033202229,Premium / long stay
CUST_0246,478.59534733070984,27.451975198178406,5.8810054617376535,1.8253211033585952,7.123540061047533,5.700614497406993,0.8696630128374516,1.7161317860723653,11.580571276126902,0.12,41.368641037332985,Premium / long stay
CUST_0247,493.489238458291,16.695534211486944,5.1332694954998095,1.1762798306020934,10.427767668370345,4.369841450932897,0.0,9.589262554136065,0.0,0.34163918356644485,40.629301802834405,Premium / long stay
CUST_0248,691.7543743959457,17.50232799297432,6.162628998019379,2.7459087287659436,7.060111872598935,14.99307401467421,0.047317393659083884,7.531359490015091,9.844283198060637,0.35231436177318526,51.828742909319715,Premium / long stay
CUST_0249,372.5270330261382,23.65004611438945,8.977757860197666,2.7270105170042163,3.4026486215643095,10.458342717853693,0.5770399960744343,8.881328800447497,8.74783085629518,0.29784570410158123,39.69360723746681,Premium / long stay
CUST_0250,562.4819888651429,14.90368085751092,4.629797494351902,2.7902220170158682,8.631631012336541,6.997637799859074,0.9847048953741027,8.140069897145839,6.72600959035846,0.4282173365255917,43.69795972441175,Premium / long stay
CUST_0251,377.27561365198403,23.12048106216182,4.762545996529642,1.121485852615143,5.545030827214828,11.747068090620484,1.1190801507449248,4.03883453638934,14.325801878514127,0.40384600247502045,31.349513747912056,Premium / long stay
CUST_0252,510.8001662425473,18.384654588415497,4.577291601771094,2.409242706808906,12.663771914588398,10.063076555353346,0.16746913981918848,2.5058806738268604,8.695025273504687,0.16148647346646272,49.633522760985336,Premium / long stay
CUST_0253,483.14166376189405,12.214209955829656,8.818385601279342,2.6731851990648465,6.996640834006329,13.898382414126772,0.968688483459824,4.86383750145111,9.29009005162565,0.4337058766231932,59.52693551345495,Premium / long stay
CUST_0254,342.7725947822104,12.302143009842474,5.752724412270199,1.4781585520922906,0.29489350630400146,3.356501501780266,0.10792885326479557,8.694751843818736,8.491228500843714,0.307884345613207,49.76980298239833,Premium / long stay
CUST_0255,553.0681951868698,29.129410872217715,6.364105315513257,2.2064212737274906,8.072094916467021,7.203919675057236,1.4131046734533999,9.070274245526186,2.332736512939694,0.46342578551095664,55.69439334037844,Premium / long stay
CUST_0256,487.69676471366336,17.90504964599691,5.8361038824512645,2.1186133482827443,12.833793376780685,6.612435848171524,0.0,2.8961731678544114,5.472054239692156,0.2689963627498468,37.23118291058135,Premium / long stay
CUST_0257,341.56746088229426,30.482478657288176,5.077807970235672,3.4895054609977847,11.727760865636169,2.0789519707741952,1.1642394053958656,4.056701897595357,13.844373944480864,0.4133007192384034,45.890594256225604,Premium / long stay
CUST_0258,591.3632877158115,15.40454617499563,6.070789094739791,3.5471472259088013,12.492862866269697,11.180981614339082,0.17175694659063806,4.830292942177482,1.5601974124801128,0.37885203382248434,36.45472060504488,Premium / long stay
CUST_0259,641.9755251290594,21.038436407920454,9.841541048031184,1.0349505246688597,3.9407194438556097,7.188810332589925,1.5066232273973001,5.928084819199553,6.934738601537178,0.4433412073445363,42.17787563534926,Premium / long stay
CUST_0260,646.6605690952086,35.74873706112769,8.348899289363958,3.9457489040095926,9.736457187930336,10.218893614959686,0.7956603644262421,2.9138475074420436,8.401119774840945,0.4237167005416481,50.17769181882004,Premium / long stay
CUST_0261,550.511297455375,11.598292787357046,5.20588705509082,1.5593419951926735,4.8340163807898655,15.079315802988836,0.0,2.733844701579602,16.974487469166263,0.38193194074764,44.81456490482639,Premium / long stay
CUST_0262,523.9149417790549,5.715298500701564,7.3066037442863605,2.886471306029198,7.672868198250773,6.940268924517175,0.2388807602287466,4.534494110777338,13.074415061985476,0.24101004545513305,32.69887181919023,Premium / long stay
CUST_0263,632.8933127761427,28.00613091901063,5.235868118267073,2.879348586604612,3.181142713780803,6.736541052028534,0.8905906026118708,7.258761508675017,7.771317891787602,0.2475071240192865,33.47976715569797,Premium / long stay
CUST_0264,663.0026047539084,13.212336262248485,3.9130853056152914,1.5030168412107354,5.066632705351851,8.355992509171989,1.0263222088077808,3.458216980739528,15.218054788462204,0.3457724366998559,32.95068854807381,Premium / long stay
CUST_0265,616.3533397444281,18.855055451256362,7.827315284730481,2.5452874556873697,4.971259907909154,10.961742058950229,0.4646422041377687,6.652589470084702,7.037936717995521,0.4090892127677454,47.93162071951672,Premium / long stay
CUST_0266,439.9693038104669,14.898572526838905,8.024129985300972,2.1247263790137554,9.695665840427848,6.2998609240695504,0.5223291404817332,10.175658448425446,14.036399214936022,0.34309272580809713,60.51115628525335,Premium / long stay
CUST_0267,537.1143125232684,20.87713946668721,7.86447315146706,2.5880310032426737,9.402157365008966,6.107115208603608,0.8791765163220328,3.09466078775947,4.5644910163079375,0.4787733123637412,54.899665952001705,Premium / long stay
CUST_0268,557.3588722647714,12.346246549699805,5.742188651092599,2.361470611666438,7.830459187992462,11.171567810724097,0.56589921350541,6.380662724768381,14.29303132715663,0.37928569888671476,28.832118406831484,Premium / long stay
CUST_0269,366.1825576420355,17.740419384816857,6.16651397239722,3.037437639759173,2.9487357458338437,9.135917971514107,0.0,10.074270201252318,8.375465418116057,0.30384860027425387,55.36860750455827,Premium / long stay
CUST_0270,559.8956560677658,22.14870728589574,7.449671775121373,2.2527796802022437,6.0650816981508395,1.865815210985538,0.09351298767990968,5.745194828908572,5.885983036234921,0.3794094077713299,51.49120333611718,Premium / long stay
CUST_0271,713.2043052082481,11.941837796080167,6.94809445228735,2.0824881514015825,4.761650551171822,4.323824601592675,0.6175599715758325,5.2789909274247435,9.131425547694743,0.43484458199482073,31.63760043576994,Premium / long stay
CUST_0272,574.3945740930673,14.099411792478778,5.848907540184138,2.9672449631400264,9.609027270083473,12.503707591481632,1.107741208248847,10.49048744291942,11.10937671888086,0.44573731907070424,41.57438706631602,Premium / long stay
CUST_0273,645.2401119225493,16.568320164810277,4.13329945183457,2.6062771754010226,10.534554558451553,9.205784849236437,1.3079912120810238,6.081393763085357,8.02100627789715,0.6166217045192441,52.76417929196648,Premium / long stay
CUST_0274,535.54775206094,8.998291960416053,6.559425271798817,2.7122693760246217,10.16915675809265,5.713412206888253,0.8897647103857251,10.313485075616704,12.215814023981295,0.33641997259962386,48.40346808747828,Premium / long stay
CUST_0275,513.7764424613752,16.042073120408777,7.910613494930558,1.7347893294189825,4.734341741748938,7.488771028295053,0.6436453805181819,8.286896173381596,7.668024465343731,0.40191734722505595,33.527239580896115,Premium / long stay
CUST_0276,552.4080681568829,19.831575779320314,4.72337639535218,1.4683160530210684,0.0,8.03971001840501,0.8744069429912384,5.97146604127049,12.481489575725432,0.4568736341501369,48.88593724636955,Premium / long stay
CUST_0277,450.6547349213232,16.203157408881,7.294263134346368,1.8025944997231091,1.6991143056098368,10.207200080840492,0.16662457489657218,8.43907159179259,11.768888248146398,0.4074234744879103,28.0,Premium / long stay
CUST_0278,438.079109085077,17.100364549477927,6.86415837318717,1.765425030023588,11.264880934246625,3.9252098154236315,0.42338451987089293,7.961348541538113,9.75630778116826,0.35493200394124813,42.21742259394231,Premium / long stay
CUST_0279,627.6358873593961,18.8606883036539,7.4502075685252676,2.7503394880570404,5.796235182040528,5.477152583988626,0.08793463933026169,10.062648463007422,8.2344707505362,0.23958171060213318,53.10365415520039,Premium / long stay
CUST_0280,636.6490991436541,14.409795762973802,7.62076569960661,2.8831888352058366,4.747826145204662,8.818867264590166,0.0,5.354963386404945,10.606163183061065,0.3538081985041683,44.14715372457056,Premium / long stay
CUST_0281,435.7559631750752,23.83743796106814,5.4277486613045065,2.09140879732732,11.927980880308702,7.700496258513649,0.6667745058181025,7.123618200344859,12.201014972134796,0.29189273460104187,40.00849960030443,Premium / long stay
CUST_0282,602.2798983870784,29.05184687361243,4.136256839769076,3.2016433131770468,10.795479836464981,9.71557754791013,0.5927566532923718,6.815452961186088,18.247196610926434,0.22007326507638436,51.114770030178796,Premium / long stay
CUST_0283,512.6084020734883,15.749337254631861,5.653072664043969,3.157928575635591,7.07334616575936,4.311477807921206,0.8438262422545064,9.112444424919355,13.757681687192724,0.32247532741623547,51.798014520692654,Premium / long stay
CUST_0284,548.8837288316865,22.39638762034395,7.644778244537811,2.3703792414803777,6.119790726808079,9.071386028813963,0.7730559154462235,3.924462416667473,13.903959799263365,0.29481991071568997,54.4803175429356,Premium / long stay
CUST_0285,559.1185843519804,17.322679911957472,5.641194535063641,1.6246757599198722,6.603696361560624,11.274750858132418,0.621322135661931,10.050931144713568,22.0,0.47421651998222425,50.9947394275711,Premium / long stay
CUST_0286,604.5197897905671,21.558411415269532,5.4283393465993015,3.3027636546048784,7.681488395162399,9.460455641447851,0.7783083328387772,8.39898631651125,12.063833907071377,0.4761201021155723,52.65099835149717,Premium / long stay
CUST_0287,527.031047158371,29.96045671842278,3.8501095213055065,2.1572878542801144,11.800141843958825,8.417335219284777,0.47865845188626166,3.049224779101161,11.93857404524681,0.31057327814610375,49.863268459500276,Premium / long stay
CUST_0288,639.8637696006646,22.56061680112669,8.853706576371316,2.2883156375016824,8.26740227271168,7.712349192302088,0.7064456976112004,10.624788476441502,12.816060297286617,0.38137485063805665,46.12422919293178,Premium / long stay
CUST_0289,546.3000913795936,6.586098228332235,7.555999097995434,1.9622764820754022,9.178087099117423,5.495446541685494,0.1369277986568202,13.702279242393194,5.9641360896469875,0.2055933071676211,44.716071998110515,Premium / long stay
CUST_0290,573.0556631599103,22.17796942012871,7.4778543737846705,1.5771467715919618,10.507810327210514,7.784004222680634,0.684852962819565,10.005501908648224,8.224393454324975,0.35562260547990365,42.101922247220784,Premium / long stay
CUST_0291,449.17267971933404,27.630046203163065,7.754815541491263,1.171952398779296,3.490971996926743,11.779117558641218,0.8342088426430048,11.280954301679408,7.9753229332306645,0.453888009077258,34.301053655522196,Premium / long stay
CUST_0292,703.4860159099109,17.44882681001328,7.207391706160763,2.643007826490102,9.26458567742213,7.642914480199624,0.16515928596389845,7.256114144807764,12.590455908878248,0.5007431678575512,36.35750792944153,Premium / long stay
CUST_0293,559.9351184724221,25.969443642824828,6.05793960274866,1.6516192622723658,6.116293736015166,5.33058803195477,0.5259160494964233,2.0154852407844697,9.303301751115205,0.33156482101395546,41.743884144518326,Premium / long stay
CUST_0294,580.6047811543334,14.16919121193638,6.170730254228918,4.341671860297776,0.0,6.523258733703841,0.1881987451853202,1.4676386464974254,10.552893701897212,0.5257040346580272,45.93161727681944,Premium / long stay
CUST_0295,383.30420604701897,8.601225883344084,5.801409889571025,1.4397484921712649,0.6154913740425645,8.602550891827791,0.23674665174194254,7.765246131603275,14.349818480593857,0.2432738886335181,55.526500784034106,Premium / long stay
CUST_0296,450.07032803827644,19.98818313182848,10.0,1.3198322675130414,3.945647165443943,6.879458008457459,0.0,5.22406357681006,13.452602954816555,0.2727609420941828,43.6656221769959,Premium / long stay
CUST_0297,625.220113473092,6.7046629547758005,7.17827684381922,2.557097100929409,8.593669685777744,9.455909849189421,1.1328874625832777,4.256271165017946,9.353115987835011,0.4880628052201664,52.027810327021314,Premium / long stay
CUST_0298,544.3857450548714,17.321602909744858,5.750679382107992,3.270519435277107,7.34139869602089,9.568531282247092,1.0328425873600238,6.811759948093974,7.32001961248711,0.5938233351419572,52.634525251456964,Premium / long stay
CUST_0299,357.3287225395413,28.00789583851852,7.051695483832792,2.245212759860255,7.553100121526992,10.666949541213945,0.7687169271136686,8.846755863583864,14.541098926612754,0.46427751870020645,42.148425618489675,Premium / long stay
CUST_0300,608.2546439636246,5.631659659776034,4.984783515001156,2.6005696941310923,12.852830448060075,12.270678416795098,1.4860979759719068,2.641727359713558,13.095564723639463,0.4055623374812586,48.75752169096147,Premium / long stay
CUST_0301,473.7784616300185,10.043522428602715,8.506309406024918,1.0,3.192731155420563,10.987576173117082,0.40537715171580413,5.653367139158846,3.574972726818471,0.16852978788255704,42.05177566620111,Premium / long stay
CUST_0302,639.9619437995206,11.775774283868957,5.474503265870005,1.7257419180157636,6.9176999374488295,5.19728280755612,2.015881207555317,11.529612049360946,8.747384244366877,0.18753082383521724,54.57708715262781,Premium / long stay
CUST_0303,512.5339673186855,18.55676098202328,7.101519605671452,1.4484689896037033,7.913306568441447,5.2893966602711835,0.3862352923183898,3.7741348593358763,10.662061848067049,0.4242350490585456,49.08674670612746,Premium / long stay
CUST_0304,537.400068311745,16.439982500476535,7.892368681640389,1.0,4.791180650384994,7.772685570620527,0.6275966758780083,9.60928356149487,13.115318868484126,0.37061310634717076,34.47612996249316,Premium / long stay
CUST_0305,620.2111391802902,28.793954671872612,6.93867596188699,2.281886163816721,7.084980235248823,6.646473928281757,0.3011110430298959,5.5458077153530185,13.640405979759084,0.288358129963267,45.29219721723077,Premium / long stay
CUST_0306,443.7130974773537,25.680438303641882,6.532257988547494,1.0,2.200151997746965,4.585019819117171,0.6861627800301525,8.637381279549858,11.135624004701894,0.41720858389130555,57.18489729459104,Premium / long stay
CUST_0307,435.60802133411516,22.466910622480185,6.415122918798422,1.2744628237387863,11.229718651825085,6.674924617481017,0.9178074639431222,10.291982521608602,12.340990125435424,0.42266445042585904,42.55015172362639,Premium / long stay
CUST_0308,503.29763426616086,20.019412200407192,6.320982464358051,1.8239643441906075,4.955156342408698,6.576461199142883,0.443041803473458,9.223845300955064,10.256547209512615,0.51388574553943,47.581720240760546,Premium / long stay
CUST_0309,590.3096879678039,21.75260843889379,5.592622115501498,1.6180999148342468,13.094200494335508,5.984456780716382,1.3883599235588102,9.72747880664163,7.304593247277758,0.4250262511313971,48.367030701913166,Premium / long stay
CUST_0310,406.87543352785326,12.966123512806375,5.770723198322415,2.4774859515449474,6.902577028247634,7.052631541534983,0.6195746423167303,3.5452193997761317,8.954942435834983,0.5451233805167823,35.7070168066832,Premium / long stay
CUST_0311,378.21705900942675,25.000472474896284,8.47142652311131,2.4139061343317363,10.08416069619755,11.535352550954993,0.6352426930550996,10.340979120223896,10.075964746560434,0.41087934325036946,48.08566359370811,Premium / long stay
CUST_0312,590.0162787987224,11.215690219485593,6.248048714240781,2.82565912215482,6.840091393026537,8.597714123747718,0.04550115274314126,4.44192065609554,9.86128299992564,0.397313150571193,32.84931878372299,Premium / long stay
CUST_0313,468.7468434318047,24.847638957315617,5.299885222864118,2.726668612898875,6.907768503218411,15.415427228166408,0.7092495372751922,7.7786252967146154,2.4577083822261176,0.52707434048719,38.99500714878883,Premium / long stay
CUST_0314,486.66078890177596,27.302997514831816,5.677183364393889,2.998568952552967,5.247912000333977,8.511524558058948,0.4329863895953172,7.774738560991681,8.410066660282276,0.30237150319544215,52.60578373995354,Premium / long stay
CUST_0315,362.1711158350859,20.47605221461661,7.940518952976113,2.1986571199936624,7.357371788098833,7.129802678188245,0.19588013533135656,8.455367676608743,10.224822612356608,0.7195892198592777,46.85405032246686,Premium / long stay
CUST_0316,462.28675828008153,17.76650858726617,7.34584928643027,2.412426830571669,7.953996083242142,8.012398647964599,0.11176279592581806,8.010870028180571,8.874520032377196,0.4512783225983409,41.564177538027785,Premium / long stay
CUST_0317,519.3567797863521,21.802169358167713,7.18446084952516,2.558059591343434,4.64722447325446,8.76947593533062,1.8358816898783425,4.468570064425831,9.012704817953658,0.45189121781214403,47.5716881699615,Premium / long stay
CUST_0318,599.0821178979459,3.0,6.039470321526292,2.299159688173718,6.624866752420347,9.305761871513191,0.3682613749104823,2.9503977631128517,11.95196548321835,0.4677605571369857,43.51926201795895,Premium / long stay
CUST_0319,454.4454358700557,21.11580752939823,7.2027074582421236,1.9219639830580486,5.169703401828659,14.230133977577072,0.0,9.617046039885306,5.684171251805465,0.6164850122864807,44.10062801881467,Premium / long stay
CUST_0320,660.8769702197621,18.20652201512135,5.4990144250690935,1.967290225962161,13.898992208844517,5.464038605067294,0.15088927013371373,7.5575037325567465,3.4878311441951553,0.4971758152839867,49.2545482137611,Premium / long stay
